{
  "Ключевые слова" : {
    "Голова" : {
      "Вопрос" : {
        "Ответы" : {
          "1ый ответ" : {
            "Вопрос" : {
              "Ответы" : {
                "1ый ответ" : {
                  "Текст" : "Да",
                  "Финал" : "Тогда вы киборг"
                },
                "2ой ответ" : {
                  "Вопрос" : {
                    "Ответы" : {
                      "1ый ответ" : {
                        "Текст" : "20-35"
                      },
                      "2ой ответ" : {
                        "Текст" : "35-100",
                        "Финал" : "Тогда у вас ороро"
                      }
                    },
                    "Текст" : "Сколько вам лет?"
                  },
                  "Текст" : "Нет"
                }
              },
              "Текст" : "Давление проверяли?"
            },
            "Текст" : "Правое"
          },
          "2ой ответ" : {
            "Вопрос" : {
              "Ответы" : {
                "1ый ответ" : {
                  "Текст" : "блаблабла",
                  "Финал" : "Тогда у вас тотото"
                },
                "2ой ответ" : {
                    "Текст" : "rere",
                  "Финал" : "Тогда у вас ипотека"
                }
              },
              "Текст" : "Что то ещё?"
            },
            "Текст" : "Левое"
          }
        },
        "Текст" : "Правое или левое полушарие?"
      }
    },
    "Сердце" : {
      "Вопрос" : {
        "Ответы" : {
          "1ый ответ" : {
            "Вопрос" : {
              "Идентификатор" : 1,
              "Ответы" : {
                "1ый ответ" : {
                  "Вопрос" : {
                    "Идентификатор" : 2,
                    "Ответы" : {
                      "1ый ответ" : {
                        "Вопрос" : {
                          "Идентификатор" : 3,
                          "Ответы" : {
                            "1ый ответ" : {
                              "Вопрос" : {
                                "Ответы" : {
                                  "1ый ответ" : {
                                    "Вопрос" : {
                                      "Идентификатор " : 4,
                                      "Ответы" : {
                                        "1ый ответ" : {
                                          "Текст" : "Да",
                                          "Финал" : "СЕРДЕЧНЫЙ ПРИСТУП"
                                        },
                                        "2ой ответ" : {
                                          "Вопрос" : {
                                            "Ответы" : {
                                              "1ый ответ" : {
                                                "Текст" : "Да",
                                                "Финал" : "СЕРДЕЧНАЯ НЕДОСТАТОЧНОСТЬ ИЛИ СЕРДЕЧНЫЙ ПРИСТУП"
                                              },
                                              "2ой ответ" : {
                                                "Текст" : "Нет",
                                                "Финал" : "ИНФАРКТ ИЛИ АРИТМИЯ ИЛИ 5"
                                              }
                                            },
                                            "Текст" : "Были ли приступы головокружения? Обморок?"
                                          },
                                          "Текст" : "Нет"
                                        }
                                      },
                                      "Текст" : "Была ли тошнота или рвота?"
                                    },
                                    "Текст" : "Да"
                                  },
                                  "2ой ответ" : {
                                    "Переход" : {
                                      "Идентификатор " : 4
                                    },
                                    "Текст" : "Нет"
                                  }
                                },
                                "Текст" : "Присутствует ли нарушение сердечного ритма?"
                              },
                              "Текст" : "Долгие"
                            },
                            "2ой ответ" : {
                              "Текст" : "Быстрые",
                              "Финал" : "ЭНДОКАРДИОГРАММА 5 "
                            }
                          },
                          "Текст" : "Долгие или быстрые промежутки приступа?"
                        },
                        "Текст" : "Да"
                      },
                      "2ой ответ" : {
                        "Переход" : {
                          "Идентификатор" : 3
                        },
                        "Текст" : "Нет"
                      }
                    },
                    "Текст" : "Боль острого характера?"
                  },
                  "Текст" : "Да"
                },
                "2ой ответ" : {
                  "Переход" : {
                    "Идентификатор" : 2
                  },
                  "Текст" : "Нет"
                }
              },
              "Текст" : "Присутствует ли затруднение дыхания?"
            },
            "Текст" : "Везде"
          },
          "2ой ответ" : {
            "Переход" : {
              "Идентификатор" : 1
            },
            "Текст" : "Справа"
          },
          "3ий ответ" : {
            "Текст" : "Слева",
            "Финал" : "ИНФАРКТ"
          },
          "4ый ответ" : {
            "Текст" : "В центре",
            "Финал" : "СЕРДЕЧНЫЙ ПРИСТУП"
          }
        },
        "Текст" : "С какой стороны болит?"
      }
    }
  }
}
